<?xml version="1.0" encoding="UTF-8" standalone="yes"?>
<contentHaul xmlns:ns2="http://www.appian.com/ae/types/2009">
    <constant>
        <name>PM_ALERT_SETTINGS</name>
        <uuid>_a-0000d704-15d7-8000-d3f4-680000680000_3622</uuid>
        <description>Use Custom Setting&#xD;
Send alerts to the process initiator&#xD;
Send alerts to the process model owner&#xD;
Send alerts to the recipients defined by the below expression&#xD;
Send alerts to the below users and groups.</description>
        <parentUuid>_a-0000d712-6f44-8000-d3f4-680000680000_5115</parentUuid>
        <visibility>
            <advertise>false</advertise>
            <hierarchy>true</hierarchy>
            <indexable>true</indexable>
            <quota>false</quota>
            <searchable>true</searchable>
            <system>false</system>
            <unlogged>false</unlogged>
        </visibility>
        <typedValue>
            <type>
                <name>Text?list</name>
                <namespace>http://www.appian.com/ae/types/2009</namespace>
            </type>
            <value>
                <el>Use Custom Setting</el>
                <el>Send alerts to the process initiator.</el>
                <el>Send alerts to the process model owner.</el>
                <el>Send alerts to the recipients defined by the below expression.</el>
                <el>Send alerts to the below users and groups.</el>
            </value>
        </typedValue>
    </constant>
    <roleMap public="true">
        <role allowForAll="false" inherit="true" name="readers">
            <users/>
            <groups/>
        </role>
        <role allowForAll="false" inherit="true" name="authors">
            <users/>
            <groups/>
        </role>
        <role allowForAll="false" inherit="true" name="administrators">
            <users>
                <userUuid>michael.chirlin</userUuid>
            </users>
            <groups/>
        </role>
        <role allowForAll="false" inherit="false" name="denyReaders">
            <users/>
            <groups/>
        </role>
        <role allowForAll="false" inherit="false" name="denyAuthors">
            <users/>
            <groups/>
        </role>
        <role allowForAll="false" inherit="false" name="denyAdministrators">
            <users/>
            <groups/>
        </role>
    </roleMap>
</contentHaul>
